Origin City,Origin State,Origin Postal Code,Destination City,Destination State,Destination Postal Code
BETHANY,CT,,MESA,AZ,
BETHANY,CT,,CORONA,CA,
BETHANY,CT,,DANBURY,CT,
BETHANY,CT,,EAST HARTFORD,CT,
BETHANY,CT,,FAIRFIELD,CT,
BETHANY,CT,,HAMDEN,CT,
BETHANY,CT,,HARTFORD,CT,
BETHANY,CT,,MANSFIELD CENTER,CT,
BETHANY,CT,,MIDDLETOWN,CT,
BETHANY,CT,,NEW HAVEN,CT,
BETHANY,CT,,SIMSBURY,CT,
BETHANY,CT,,STAMFORD,CT,
BETHANY,CT,,WEST HARTFORD,CT,
BETHANY,CT,,WILMINGTON,DE,
BETHANY,CT,,ORLANDO,FL,
BETHANY,CT,,POMPANO BEACH,FL,
BETHANY,CT,,WEST PALM BEACH,FL,
BETHANY,CT,,JOHNSTON,IA,
BETHANY,CT,,LAKE BARRINGTON,IL,
BETHANY,CT,,INDIANAPOLIS,IN,
BETHANY,CT,,AVON,MA,
BETHANY,CT,,BOSTON,MA,
BETHANY,CT,,BURLINGTON,MA,
BETHANY,CT,,DEDHAM,MA,
BETHANY,CT,,DENNIS PORT,MA,
BETHANY,CT,,DORCHESTER,MA,
BETHANY,CT,,HANOVER,MA,
BETHANY,CT,,HARWICH,MA,
BETHANY,CT,,HYANNIS,MA,
BETHANY,CT,,LITTLETON,MA,
BETHANY,CT,,LOWELL,MA,
BETHANY,CT,,MANSFIELD,MA,
BETHANY,CT,,NORTH READING,MA,
BETHANY,CT,,PLAINVILLE,MA,
BETHANY,CT,,PLYMOUTH,MA,
BETHANY,CT,,RANDOLPH,MA,
BETHANY,CT,,RAYNHAM,MA,
BETHANY,CT,,SAUGUS,MA,
BETHANY,CT,,SHREWSBURY,MA,
BETHANY,CT,,SPRINGFIELD,MA,
BETHANY,CT,,STOUGHTON,MA,
BETHANY,CT,,TEWKSBURY,MA,
BETHANY,CT,,WALTHAM,MA,
BETHANY,CT,,WATERTOWN,MA,
BETHANY,CT,,WESTBOROUGH,MA,
BETHANY,CT,,WINCHESTER,MA,
BETHANY,CT,,WOBURN,MA,
BETHANY,CT,,ARNOLD,MD,
BETHANY,CT,,BEL AIR,MD,
BETHANY,CT,,BELTSVILLE,MD,
BETHANY,CT,,CAPITOL HEIGHTS,MD,
BETHANY,CT,,FREDERICK,MD,
BETHANY,CT,,PARKVILLE,MD,
BETHANY,CT,,PORTLAND,ME,
BETHANY,CT,,ARDEN,NC,
BETHANY,CT,,HAMLET,NC,
BETHANY,CT,,Hampton,NH,
BETHANY,CT,,HUDSON,NH,
BETHANY,CT,,MANCHESTER,NH,
BETHANY,CT,,NASHUA,NH,
BETHANY,CT,,PEMBROKE,NH,
BETHANY,CT,,PORTSMOUTH,NH,
BETHANY,CT,,DAYTON,NJ,
BETHANY,CT,,DELANCO,NJ,
BETHANY,CT,,ELIZABETH,NJ,
BETHANY,CT,,FAIRFIELD,NJ,
BETHANY,CT,,HACKENSACK,NJ,
BETHANY,CT,,JERSEY CITY,NJ,
BETHANY,CT,,KEYPORT,NJ,
BETHANY,CT,,LODI,NJ,
BETHANY,CT,,LYNDHURST,NJ,
BETHANY,CT,,MAHWAH,NJ,
BETHANY,CT,,MANALAPAN,NJ,
BETHANY,CT,,MANALAPAN TOWNSHIP,NJ,
BETHANY,CT,,MOORESTOWN,NJ,
BETHANY,CT,,NEWARK,NJ,
BETHANY,CT,,NORTH BERGEN,NJ,
BETHANY,CT,,PARAMUS,NJ,
BETHANY,CT,,PATERSON,NJ,
BETHANY,CT,,PLAINFIELD,NJ,
BETHANY,CT,,POMPTON PLAINS,NJ,
BETHANY,CT,,ROBBINSVILLE,NJ,
BETHANY,CT,,SOMERSET,NJ,
BETHANY,CT,,SOUTH PLAINFIELD,NJ,
BETHANY,CT,,TOMS RIVER,NJ,
BETHANY,CT,,TOTOWA,NJ,
BETHANY,CT,,UNION,NJ,
BETHANY,CT,,WAYNE,NJ,
BETHANY,CT,,ALBANY,NY,
BETHANY,CT,,ARMONK,NY,
BETHANY,CT,,ASTORIA,NY,
BETHANY,CT,,BOHEMIA,NY,
BETHANY,CT,,BROOKLYN,NY,
BETHANY,CT,,CALVERTON,NY,
BETHANY,CT,,CHEEKTOWAGA,NY,
BETHANY,CT,,COMMACK,NY,
BETHANY,CT,,EAST NORTHPORT,NY,
BETHANY,CT,,FARMINGDALE,NY,
BETHANY,CT,,GARDEN CITY,NY,
BETHANY,CT,,LIVERPOOL,NY,
BETHANY,CT,,LONG ISLAND CITY,NY,
BETHANY,CT,,MASPETH,NY,
BETHANY,CT,,MONROE,NY,
BETHANY,CT,,MONSEY,NY,
BETHANY,CT,,NEW YORK,NY,
BETHANY,CT,,OGDENSBURG,NY,
BETHANY,CT,,ORCHARD PARK,NY,
BETHANY,CT,,PHOENIX,NY,
BETHANY,CT,,PORT CHESTER,NY,
BETHANY,CT,,PORT WASHINGTON,NY,
BETHANY,CT,,ROCHESTER,NY,
BETHANY,CT,,RONKONKOMA,NY,
BETHANY,CT,,SAINT ALBANS,NY,
BETHANY,CT,,SARATOGA SPRINGS,NY,
BETHANY,CT,,SCHENECTADY,NY,
BETHANY,CT,,SUFFERN,NY,
BETHANY,CT,,SYRACUSE,NY,
BETHANY,CT,,WAPPINGERS FALLS,NY,
BETHANY,CT,,WEST HAVERSTRAW,NY,
BETHANY,CT,,YONKERS,NY,
BETHANY,CT,,LEBANON,OR,
BETHANY,CT,,ALLENTOWN,PA,
BETHANY,CT,,BENSALEM,PA,
BETHANY,CT,,BERWYN,PA,
BETHANY,CT,,DOYLESTOWN,PA,
BETHANY,CT,,HANOVER,PA,
BETHANY,CT,,HATFIELD,PA,
BETHANY,CT,,KING OF PRUSSIA,PA,
BETHANY,CT,,LANCASTER,PA,
BETHANY,CT,,LANGHORNE,PA,
BETHANY,CT,,LEVITTOWN,PA,
BETHANY,CT,,MECHANICSBURG,PA,
BETHANY,CT,,MONTGOMERYVILLE,PA,
BETHANY,CT,,OAKS,PA,
BETHANY,CT,,PHILADELPHIA,PA,
BETHANY,CT,,POTTSTOWN,PA,
BETHANY,CT,,WILKES BARRE,PA,
BETHANY,CT,,WARWICK,RI,
BETHANY,CT,,KNOXVILLE,TN,
BETHANY,CT,,MEMPHIS,TN,
BETHANY,CT,,GARLAND,TX,
BETHANY,CT,,GRAND PRAIRIE,TX,
BETHANY,CT,,HOUSTON,TX,
BETHANY,CT,,LITTLE ELM,TX,
BETHANY,CT,,LEESBURG,VA,
BETHANY,CT,,MANASSAS,VA,
BETHANY,CT,,MANASSAS PARK,VA,
BETHANY,CT,,RESTON,VA,
BETHANY,CT,,SPRINGFIELD,VA,
BETHANY,CT,,BENNINGTON,VT,
BETHANY,CT,,WILLISTON,VT,
BETHANY,CT,,RENTON,WA,
BETHANY,CT,,EDMONTON,AB,
BETHANY,CT,,PRINCE GEORGE,BC,
BETHANY,CT,,Dieppe,NB,
BETHANY,CT,,SCOUDOUC,NB,
BETHANY,CT,,HALIFAX,NS,
BETHANY,CT,,AURORA,ON,
BETHANY,CT,,BARRIE,ON,
BETHANY,CT,,CAMBRIDGE,ON,
BETHANY,CT,,CONCORD,ON,
BETHANY,CT,,HAMILTON,ON,
BETHANY,CT,,KINGSTON,ON,
BETHANY,CT,,KITCHNER,ON,
BETHANY,CT,,LONDON,ON,
BETHANY,CT,,MISSISSAUGA,ON,
BETHANY,CT,,NEPEAN,ON,
BETHANY,CT,,OTTAWA,ON,
BETHANY,CT,,SCARBOROUGH,ON,
BETHANY,CT,,ST CATHARINES,ON,
BETHANY,CT,,VAUGHAN,ON,
BETHANY,CT,,WELLAND,ON,
BETHANY,CT,,ANJOU,QC,
BETHANY,CT,,CHICOUTIMI,QC,
BETHANY,CT,,COTEAU DU LAC,QC,
BETHANY,CT,,HEMMINGFORD,QC,
BETHANY,CT,,LAVAL,QC,
BETHANY,CT,,QUEBEC,QC,
BETHANY,CT,,QUEBEC CITY,QC,
BETHANY,CT,,SAINT LEONARD,QC,
BETHANY,CT,,ST JEAN SUR RICHELIEU,QC,
BETHANY,CT,,VARENNES,QC,
CORONA,CA,,GLENDALE,AZ,
CORONA,CA,,MESA,AZ,
CORONA,CA,,PHOENIX,AZ,
CORONA,CA,,TEMPE,AZ,
CORONA,CA,,TOLLESON,AZ,
CORONA,CA,,TUCSON,AZ,
CORONA,CA,,ANAHEIM,CA,
CORONA,CA,,BAKERSFIELD,CA,
CORONA,CA,,CARSON,CA,
CORONA,CA,,DOWNEY,CA,
CORONA,CA,,El Cajon,CA,
CORONA,CA,,FOUNTAIN VALLEY,CA,
CORONA,CA,,FRESNO,CA,
CORONA,CA,,FULLERTON,CA,
CORONA,CA,,LA QUINTA,CA,
CORONA,CA,,MISSION VEIJO,CA,
CORONA,CA,,MISSION VIEJO,CA,
CORONA,CA,,MORENO VALLEY,CA,
CORONA,CA,,MURRIETA,CA,
CORONA,CA,,NORCO,CA,
CORONA,CA,,ORANGE,CA,
CORONA,CA,,OXNARD,CA,
CORONA,CA,,PALM DESERT,CA,
CORONA,CA,,RANCHO CUCAMONGA,CA,
CORONA,CA,,SAN DIEGO,CA,
CORONA,CA,,SAN GABRIEL,CA,
CORONA,CA,,SANTA ANA,CA,
CORONA,CA,,STOCKTON,CA,
CORONA,CA,,VAN NUYS,CA,
CORONA,CA,,WEST COVINA,CA,
CORONA,CA,,WOODLAND HILLS,CA,
CORONA,CA,,INDIANAPOLIS,IN,
CORONA,CA,,WOBURN,MA,
CORONA,CA,,ALBUQUERQUE,NM,
CORONA,CA,,HENDERSON,NV,
CORONA,CA,,LAS VEGAS,NV,
CORONA,CA,,RENO,NV,
CORONA,CA,,LEBANON,OR,
CORONA,CA,,SALT LAKE CITY,UT,
GRAND PRAIRIE,TX,,HUNTSVILLE,AL,
GRAND PRAIRIE,TX,,IRONDALE,AL,
GRAND PRAIRIE,TX,,MOBILE,AL,
GRAND PRAIRIE,TX,,MONTGOMERY,AL,
GRAND PRAIRIE,TX,,THEODORE,AL,
GRAND PRAIRIE,TX,,JONESBORO,AR,
GRAND PRAIRIE,TX,,LITTLE ROCK,AR,
GRAND PRAIRIE,TX,,NORTH LITTLE ROCK,AR,
GRAND PRAIRIE,TX,,ROGERS,AR,
GRAND PRAIRIE,TX,,SPRINGDALE,AR,
GRAND PRAIRIE,TX,,PHOENIX,AZ,
GRAND PRAIRIE,TX,,CORONA,CA,
GRAND PRAIRIE,TX,,ARVADA,CO,
GRAND PRAIRIE,TX,,AURORA,CO,
GRAND PRAIRIE,TX,,COLORADO SPRINGS,CO,
GRAND PRAIRIE,TX,,DENVER,CO,
GRAND PRAIRIE,TX,,ENGLEWOOD,CO,
GRAND PRAIRIE,TX,,FEDERAL HEIGHTS,CO,
GRAND PRAIRIE,TX,,FORT COLLINS,CO,
GRAND PRAIRIE,TX,,GRAND JUNCTION,CO,
GRAND PRAIRIE,TX,,HIGHLANDS RANCH,CO,
GRAND PRAIRIE,TX,,LONGMONT,CO,
GRAND PRAIRIE,TX,,PUEBLO,CO,
GRAND PRAIRIE,TX,,THORNTON,CO,
GRAND PRAIRIE,TX,,BETHANY,CT,
GRAND PRAIRIE,TX,,WEST PALM BEACH,FL,
GRAND PRAIRIE,TX,,JOHNSTON,IA,
GRAND PRAIRIE,TX,,CHICAGO,IL,
GRAND PRAIRIE,TX,,INDIANAPOLIS,IN,
GRAND PRAIRIE,TX,,WICHITA,KS,
GRAND PRAIRIE,TX,,BATON ROUGE,LA,
GRAND PRAIRIE,TX,,CARENCRO,LA,
GRAND PRAIRIE,TX,,GRETNA,LA,
GRAND PRAIRIE,TX,,HARAHAN,LA,
GRAND PRAIRIE,TX,,LAFAYETTE,LA,
GRAND PRAIRIE,TX,,LAKE CHARLES,LA,
GRAND PRAIRIE,TX,,MANGHAM,LA,
GRAND PRAIRIE,TX,,METAIRIE,LA,
GRAND PRAIRIE,TX,,NEW ORLEANS,LA,
GRAND PRAIRIE,TX,,SHREVEPORT,LA,
GRAND PRAIRIE,TX,,YOUNGSVILLE,LA,
GRAND PRAIRIE,TX,,DETROIT,MI,
GRAND PRAIRIE,TX,,EARTH CITY,MO,
GRAND PRAIRIE,TX,,KANSAS CITY,MO,
GRAND PRAIRIE,TX,,SAINT LOUIS,MO,
GRAND PRAIRIE,TX,,HATTIESBURG,MS,
GRAND PRAIRIE,TX,,JACKSON,MS,
GRAND PRAIRIE,TX,,OXFORD,MS,
GRAND PRAIRIE,TX,,HAMLET,NC,
GRAND PRAIRIE,TX,,BISMARCK,ND,
GRAND PRAIRIE,TX,,FARGO,ND,
GRAND PRAIRIE,TX,,WEST FARGO,ND,
GRAND PRAIRIE,TX,,ALBUQUERQUE,NM,
GRAND PRAIRIE,TX,,WARRENSVILLE HEIGHTS,OH,
GRAND PRAIRIE,TX,,EDMOND,OK,
GRAND PRAIRIE,TX,,LAWTON,OK,
GRAND PRAIRIE,TX,,NORMAN,OK,
GRAND PRAIRIE,TX,,OKLAHOMA CITY,OK,
GRAND PRAIRIE,TX,,TULSA,OK,
GRAND PRAIRIE,TX,,LEBANON,OR,
GRAND PRAIRIE,TX,,POTTSTOWN,PA,
GRAND PRAIRIE,TX,,CLARKSVILLE,TN,
GRAND PRAIRIE,TX,,COLLIERVILLE,TN,
GRAND PRAIRIE,TX,,FRANKLIN,TN,
GRAND PRAIRIE,TX,,JACKSON,TN,
GRAND PRAIRIE,TX,,MEMPHIS,TN,
GRAND PRAIRIE,TX,,MURFREESBORO,TN,
GRAND PRAIRIE,TX,,NASHVILLE,TN,
GRAND PRAIRIE,TX,,ADDISON,TX,
GRAND PRAIRIE,TX,,AMARILLO,TX,
GRAND PRAIRIE,TX,,ARLINGTON,TX,
GRAND PRAIRIE,TX,,AUSTIN,TX,
GRAND PRAIRIE,TX,,BUDA,TX,
GRAND PRAIRIE,TX,,CARROLLTON,TX,
GRAND PRAIRIE,TX,,CARROLTON,TX,
GRAND PRAIRIE,TX,,COPPELL,TX,
GRAND PRAIRIE,TX,,CORPUS CHRISTI,TX,
GRAND PRAIRIE,TX,,DALLAS,TX,
GRAND PRAIRIE,TX,,DENTON,TX,
GRAND PRAIRIE,TX,,EL PASO,TX,
GRAND PRAIRIE,TX,,FARMERS BRANCH,TX,
GRAND PRAIRIE,TX,,FORT WORTH,TX,
GRAND PRAIRIE,TX,,GARLAND,TX,
GRAND PRAIRIE,TX,,GEORGETOWN,TX,
GRAND PRAIRIE,TX,,HALTOM CITY,TX,
GRAND PRAIRIE,TX,,HOUSTON,TX,
GRAND PRAIRIE,TX,,HUMBLE,TX,
GRAND PRAIRIE,TX,,KATY,TX,
GRAND PRAIRIE,TX,,LAREDO,TX,
GRAND PRAIRIE,TX,,LIBERTY HILL,TX,
GRAND PRAIRIE,TX,,LIVE OAK,TX,
GRAND PRAIRIE,TX,,LUBBOCK,TX,
GRAND PRAIRIE,TX,,MCALLEN,TX,
GRAND PRAIRIE,TX,,MCKINNEY,TX,
GRAND PRAIRIE,TX,,MESQUITE,TX,
GRAND PRAIRIE,TX,,MISSION,TX,
GRAND PRAIRIE,TX,,MISSOURI CITY,TX,
GRAND PRAIRIE,TX,,NEW BRAUNFELS,TX,
GRAND PRAIRIE,TX,,NEW DEAL,TX,
GRAND PRAIRIE,TX,,NORTH RICHLAND HILLS,TX,
GRAND PRAIRIE,TX,,OAK RIDGE NORTH,TX,
GRAND PRAIRIE,TX,,PFLUGERVILLE,TX,
GRAND PRAIRIE,TX,,PLANO,TX,
GRAND PRAIRIE,TX,,PROSPER,TX,
GRAND PRAIRIE,TX,,RICHLAND HILLS,TX,
GRAND PRAIRIE,TX,,ROCKWALL,TX,
GRAND PRAIRIE,TX,,Round Rock,TX,
GRAND PRAIRIE,TX,,SAN ANTONIO,TX,
GRAND PRAIRIE,TX,,SPRING,TX,
GRAND PRAIRIE,TX,,SUGAR LAND,TX,
GRAND PRAIRIE,TX,,THE COLONY,TX,
GRAND PRAIRIE,TX,,TOMBALL,TX,
GRAND PRAIRIE,TX,,TYLER,TX,
GRAND PRAIRIE,TX,,WEBSTER,TX,
GRAND PRAIRIE,TX,,SALT LAKE CITY,UT,
GRAND PRAIRIE,TX,,KAMLOOPS,BC,
HAMLET,NC,,BIRMINGHAM,AL,
HAMLET,NC,,FOLEY,AL,
HAMLET,NC,,HOMEWOOD,AL,
HAMLET,NC,,MONTGOMERY,AL,
HAMLET,NC,,TUSCALOOSA,AL,
HAMLET,NC,,CORONA,CA,
HAMLET,NC,,BETHANY,CT,
HAMLET,NC,,ORLANDO,FL,
HAMLET,NC,,WEST PALM BEACH,FL,
HAMLET,NC,,ALPHARETTA,GA,
HAMLET,NC,,ATLANTA,GA,
HAMLET,NC,,AUGUSTA,GA,
HAMLET,NC,,BROOKHAVEN,GA,
HAMLET,NC,,BUFORD,GA,
HAMLET,NC,,CONYERS,GA,
HAMLET,NC,,CUMMING,GA,
HAMLET,NC,,FORT VALLEY,GA,
HAMLET,NC,,GREENSBORO,GA,
HAMLET,NC,,KENNESAW,GA,
HAMLET,NC,,LAWRENCEVILLE,GA,
HAMLET,NC,,MARIETTA,GA,
HAMLET,NC,,MCDONOUGH,GA,
HAMLET,NC,,NORCROSS,GA,
HAMLET,NC,,ROSWELL,GA,
HAMLET,NC,,SAINT SIMONS,GA,
HAMLET,NC,,SAVANNAH,GA,
HAMLET,NC,,INDIANAPOLIS,IN,
HAMLET,NC,,ARNOLD,MD,
HAMLET,NC,,BALTIMORE,MD,
HAMLET,NC,,GAITHERSBURG,MD,
HAMLET,NC,,HANOVER,MD,
HAMLET,NC,,ROCKVILLE,MD,
HAMLET,NC,,TUXEDO,MD,
HAMLET,NC,,ARDEN,NC,
HAMLET,NC,,CHARLOTTE,NC,
HAMLET,NC,,CONCORD,NC,
HAMLET,NC,,DURHAM,NC,
HAMLET,NC,,FAYETTEVILLE,NC,
HAMLET,NC,,GARNER,NC,
HAMLET,NC,,GREENSBORO,NC,
HAMLET,NC,,HIGHLANDS,NC,
HAMLET,NC,,HOLLY SPRINGS,NC,
HAMLET,NC,,MOORESVILLE,NC,
HAMLET,NC,,MORRISVILLE,NC,
HAMLET,NC,,PINEVILLE,NC,
HAMLET,NC,,RALEIGH,NC,
HAMLET,NC,,WILMINGTON,NC,
HAMLET,NC,,UTICA,NY,
HAMLET,NC,,LEBANON,OR,
HAMLET,NC,,POTTSTOWN,PA,
HAMLET,NC,,CHARLESTON,SC,
HAMLET,NC,,COLUMBIA,SC,
HAMLET,NC,,GOOSE CREEK,SC,
HAMLET,NC,,GREENVILLE,SC,
HAMLET,NC,,JOHNS ISLAND,SC,
HAMLET,NC,,LADSON,SC,
HAMLET,NC,,MRYTLE BEACH,SC,
HAMLET,NC,,MYRTLE BEACH,SC,
HAMLET,NC,,N CHARLESTON,SC,
HAMLET,NC,,NORTH CHARLESTON,SC,
HAMLET,NC,,ROCK HILL,SC,
HAMLET,NC,,ANTIOCH,TN,
HAMLET,NC,,JOHNSON CITY,TN,
HAMLET,NC,,KNOXVILLE,TN,
HAMLET,NC,,MEMPHIS,TN,
HAMLET,NC,,NASHVILLE,TN,
HAMLET,NC,,PINEY FLATS,TN,
HAMLET,NC,,SEVIERVILLE,TN,
HAMLET,NC,,GRAND PRAIRIE,TX,
HAMLET,NC,,ALEXANDRIA,VA,
HAMLET,NC,,CHARLOTTESVILLE,VA,
HAMLET,NC,,CHESAPEAKE,VA,
HAMLET,NC,,Hampton,VA,
HAMLET,NC,,LEESBURG,VA,
HAMLET,NC,,NEWPORT NEWS,VA,
HAMLET,NC,,PORTSMOUTH,VA,
HAMLET,NC,,RICHMOND,VA,
HAMLET,NC,,ROANOKE,VA,
HAMLET,NC,,SPRINGFIELD,VA,
HAMLET,NC,,SUFFOLK,VA,
HAMLET,NC,,VIRGINIA BEACH,VA,
HAMLET,NC,,WOODBRIDGE,VA,
HAMLET,NC,,BECKLEY,WV,
INDIANAPOLIS,IN,,CORONA,CA,
INDIANAPOLIS,IN,,BETHANY,CT,
INDIANAPOLIS,IN,,BRANFORD,CT,
INDIANAPOLIS,IN,,WEST PALM BEACH,FL,
INDIANAPOLIS,IN,,JOHNSTON,IA,
INDIANAPOLIS,IN,,URBANDALE,IA,
INDIANAPOLIS,IN,,WEST DES MOINES,IA,
INDIANAPOLIS,IN,,ALGONQUIN,IL,
INDIANAPOLIS,IN,,ARLINGTON HEIGHTS,IL,
INDIANAPOLIS,IN,,AURORA,IL,
INDIANAPOLIS,IN,,BENSENVILLE,IL,
INDIANAPOLIS,IN,,BOLINGBROOK,IL,
INDIANAPOLIS,IN,,CHICAGO,IL,
INDIANAPOLIS,IN,,COUNTRYSIDE,IL,
INDIANAPOLIS,IN,,GURNEE,IL,
INDIANAPOLIS,IN,,LOMBARD,IL,
INDIANAPOLIS,IN,,ROCHELLE,IL,
INDIANAPOLIS,IN,,SKOKIE,IL,
INDIANAPOLIS,IN,,TINLEY PARK,IL,
INDIANAPOLIS,IN,,WEST CHICAGO,IL,
INDIANAPOLIS,IN,,WOOD DALE,IL,
INDIANAPOLIS,IN,,BRISTOL,IN,
INDIANAPOLIS,IN,,ELKHART,IN,
INDIANAPOLIS,IN,,EVANSVILLE,IN,
INDIANAPOLIS,IN,,FISHER,IN,
INDIANAPOLIS,IN,,FISHERS,IN,
INDIANAPOLIS,IN,,GREENWOOD,IN,
INDIANAPOLIS,IN,,INDIANAPOLIS,IN,
INDIANAPOLIS,IN,,NEW CARLISLE,IN,
INDIANAPOLIS,IN,,LENEXA,KS,
INDIANAPOLIS,IN,,OVERLAND PARK,KS,
INDIANAPOLIS,IN,,SAINT MARYS,KS,
INDIANAPOLIS,IN,,WICHITA,KS,
INDIANAPOLIS,IN,,BARDSTOWN,KY,
INDIANAPOLIS,IN,,DANVILLE,KY,
INDIANAPOLIS,IN,,ERLANGER,KY,
INDIANAPOLIS,IN,,LEXINGTON,KY,
INDIANAPOLIS,IN,,LOUISVILLE,KY,
INDIANAPOLIS,IN,,VERSAILLES,KY,
INDIANAPOLIS,IN,,STOUGHTON,MA,
INDIANAPOLIS,IN,,ANNAPOLIS JUNCTION,MD,
INDIANAPOLIS,IN,,BURTON,MI,
INDIANAPOLIS,IN,,FARMINGTON HILLS,MI,
INDIANAPOLIS,IN,,GRAND RAPIDS,MI,
INDIANAPOLIS,IN,,JENISON,MI,
INDIANAPOLIS,IN,,KENTWOOD,MI,
INDIANAPOLIS,IN,,MIDLAND,MI,
INDIANAPOLIS,IN,,NOVI,MI,
INDIANAPOLIS,IN,,OTTAWA LAKE,MI,
INDIANAPOLIS,IN,,SHELBY TOWNSHIP,MI,
INDIANAPOLIS,IN,,ST. IGNACE,MI,
INDIANAPOLIS,IN,,STERLING HEIGHTS,MI,
INDIANAPOLIS,IN,,UTICA,MI,
INDIANAPOLIS,IN,,MAPLE GROVE,MN,
INDIANAPOLIS,IN,,PLYMOUTH,MN,
INDIANAPOLIS,IN,,WOODBURY,MN,
INDIANAPOLIS,IN,,BRIDGETON,MO,
INDIANAPOLIS,IN,,PERRYVILLE,MO,
INDIANAPOLIS,IN,,SAINT LOUIS,MO,
INDIANAPOLIS,IN,,SPRINGFIELD,MO,
INDIANAPOLIS,IN,,HAMLET,NC,
INDIANAPOLIS,IN,,DICKINSON,ND,
INDIANAPOLIS,IN,,LA VISTA,NE,
INDIANAPOLIS,IN,,OMAHA,NE,
INDIANAPOLIS,IN,,PORT WASHINGTON,NY,
INDIANAPOLIS,IN,,BOARDMAN,OH,
INDIANAPOLIS,IN,,BROOKLYN HEIGHTS,OH,
INDIANAPOLIS,IN,,CINCINNATI,OH,
INDIANAPOLIS,IN,,COLUMBUS,OH,
INDIANAPOLIS,IN,,HILLIARD,OH,
INDIANAPOLIS,IN,,MIAMISBURG,OH,
INDIANAPOLIS,IN,,REYNOLDSBURG,OH,
INDIANAPOLIS,IN,,VALLEY VIEW,OH,
INDIANAPOLIS,IN,,WARRENSVILLE HEIGHTS,OH,
INDIANAPOLIS,IN,,WORTHINGTON,OH,
INDIANAPOLIS,IN,,LEBANON,OR,
INDIANAPOLIS,IN,,CARNEGIE,PA,
INDIANAPOLIS,IN,,MONROEVILLE,PA,
INDIANAPOLIS,IN,,PITTSBURGH,PA,
INDIANAPOLIS,IN,,POTTSTOWN,PA,
INDIANAPOLIS,IN,,WEXFORD,PA,
INDIANAPOLIS,IN,,RAPID CITY,SD,
INDIANAPOLIS,IN,,CHATTANOOGA,TN,
INDIANAPOLIS,IN,,CLARKSVILLE,TN,
INDIANAPOLIS,IN,,KNOXVILLE,TN,
INDIANAPOLIS,IN,,NASHVILLE,TN,
INDIANAPOLIS,IN,,GRAND PRAIRIE,TX,
INDIANAPOLIS,IN,,BROOKFIELD,WI,
INDIANAPOLIS,IN,,BUTLER,WI,
INDIANAPOLIS,IN,,Delafield,WI,
INDIANAPOLIS,IN,,MILWAUKEE,WI,
INDIANAPOLIS,IN,,MONONA,WI,
INDIANAPOLIS,IN,,WEST ALLIS,WI,
INDIANAPOLIS,IN,,CALGARY,AB,
INDIANAPOLIS,IN,,WINNIPEG,MB,
INDIANAPOLIS,IN,,GUELPH,ON,
INDIANAPOLIS,IN,,MISSISSAUGA,ON,
INDIANAPOLIS,IN,,ST CATHARINES,ON,
LEBANON,OR,,BERKELEY,CA,
LEBANON,OR,,BURLINGAME,CA,
LEBANON,OR,,CORONA,CA,
LEBANON,OR,,ELK GROVE,CA,
LEBANON,OR,,FAIRFIELD,CA,
LEBANON,OR,,LIVERMORE,CA,
LEBANON,OR,,MILPITAS,CA,
LEBANON,OR,,NORTH HIGHLANDS,CA,
LEBANON,OR,,PLEASANT HILL,CA,
LEBANON,OR,,REDWOOD CITY,CA,
LEBANON,OR,,ROCKLIN,CA,
LEBANON,OR,,SACRAMENTO,CA,
LEBANON,OR,,SALINAS,CA,
LEBANON,OR,,SAN JOSE,CA,
LEBANON,OR,,SAN LEANDRO,CA,
LEBANON,OR,,SANTA CLARA,CA,
LEBANON,OR,,SANTA CRUZ,CA,
LEBANON,OR,,SANTA ROSA,CA,
LEBANON,OR,,SEASIDE,CA,
LEBANON,OR,,BOISE,ID,
LEBANON,OR,,LEWISTON,ID,
LEBANON,OR,,BILLINGS,MT,
LEBANON,OR,,BOZEMAN,MT,
LEBANON,OR,,MISSOULA,MT,
LEBANON,OR,,RENO,NV,
LEBANON,OR,,SPARKS,NV,
LEBANON,OR,,BEAVERTON,OR,
LEBANON,OR,,CLACKAMAS,OR,
LEBANON,OR,,EUGENE,OR,
LEBANON,OR,,HILLSBORO,OR,
LEBANON,OR,,MEDFORD,OR,
LEBANON,OR,,PORTLAND,OR,
LEBANON,OR,,DRAPER,UT,
LEBANON,OR,,RIVERDALE,UT,
LEBANON,OR,,SALT LAKE CITY,UT,
LEBANON,OR,,AUBURN,WA,
LEBANON,OR,,EVERETT,WA,
LEBANON,OR,,KENT,WA,
LEBANON,OR,,REDMOND,WA,
LEBANON,OR,,RICHLAND,WA,
LEBANON,OR,,SEATTLE,WA,
LEBANON,OR,,SPOKANE,WA,
LEBANON,OR,,TACOMA,WA,
LEBANON,OR,,TUKWILA,WA,
LEBANON,OR,,TUMWATER,WA,
LEBANON,OR,,WOODINVILLE,WA,
LEBANON,OR,,CALGARY,AB,
LEBANON,OR,,EDMONTON,AB,
LEBANON,OR,,GRANDE PRAIRIE,AB,
LEBANON,OR,,SAINT ALBERT,AB,
LEBANON,OR,,BURNABY,BC,
LEBANON,OR,,KELOWNA,BC,
LEBANON,OR,,RICHMOND,BC,
LEBANON,OR,,SURREY,BC,
LEBANON,OR,,WINNIPEG,MB,
LEBANON,OR,,REGINA,SK,
LEBANON,OR,,SASKATOON,SK,
POTTSTOWN,PA,,BIRMINGHAM,AL,
POTTSTOWN,PA,,CHICAGO,IL,
POTTSTOWN,PA,,BLADENSBURG,MD,
POTTSTOWN,PA,,EASTON,MD,
POTTSTOWN,PA,,ROCHESTER,NY,
POTTSTOWN,PA,,WAPPINGERS FALLS,NY,
POTTSTOWN,PA,,LAVAL,QC,
POTTSTOWN,PA,,SAINT LEONARD,QC,
POTTSTOWN,PA,,Saint-Leonard,QC,
WEST PALM BEACH,FL,,BETHANY,CT,
WEST PALM BEACH,FL,,BOYNTON BEACH,FL,
WEST PALM BEACH,FL,,CLEARWATER,FL,
WEST PALM BEACH,FL,,CORAL GABLES,FL,
WEST PALM BEACH,FL,,CORAL SPRINGS,FL,
WEST PALM BEACH,FL,,DAVIE,FL,
WEST PALM BEACH,FL,,DORAL,FL,
WEST PALM BEACH,FL,,FERN PARK,FL,
WEST PALM BEACH,FL,,FORT LAUDERDALE,FL,
WEST PALM BEACH,FL,,FORT MYERS,FL,
WEST PALM BEACH,FL,,GAINESVILLE,FL,
WEST PALM BEACH,FL,,HOLLYWOOD,FL,
WEST PALM BEACH,FL,,JACKSONVILLE,FL,
WEST PALM BEACH,FL,,LAKE WORTH BEACH,FL,
WEST PALM BEACH,FL,,LAKELAND,FL,
WEST PALM BEACH,FL,,LUTZ,FL,
WEST PALM BEACH,FL,,MEDLEY,FL,
WEST PALM BEACH,FL,,MELBOURNE,FL,
WEST PALM BEACH,FL,,MIAMI,FL,
WEST PALM BEACH,FL,,NAPLES,FL,
WEST PALM BEACH,FL,,OCALA,FL,
WEST PALM BEACH,FL,,OCOEE,FL,
WEST PALM BEACH,FL,,ORLANDO,FL,
WEST PALM BEACH,FL,,PALM CITY,FL,
WEST PALM BEACH,FL,,PEMBROKE PINES,FL,
WEST PALM BEACH,FL,,PENSACOLA,FL,
WEST PALM BEACH,FL,,POMPANO BEACH,FL,
WEST PALM BEACH,FL,,PORT SAINT LUCIE,FL,
WEST PALM BEACH,FL,,RIVIERA BEACH,FL,
WEST PALM BEACH,FL,,SAINT PETERSBURG,FL,
WEST PALM BEACH,FL,,SANFORD,FL,
WEST PALM BEACH,FL,,SARASOTA,FL,
WEST PALM BEACH,FL,,TALLAHASSEE,FL,
WEST PALM BEACH,FL,,TAMPA,FL,
WEST PALM BEACH,FL,,INDIANAPOLIS,IN,
WEST PALM BEACH,FL,,JERSEY CITY,NJ,
WEST PALM BEACH,FL,,FARMINGDALE,NY,
WEST PALM BEACH,FL,,OKLAHOMA CITY,OK,
WEST PALM BEACH,FL,,GRAND PRAIRIE,TX,
BETHANY,CT,6524,HAMDEN,CT,6514
BETHANY,CT,6524,NEW LONDON,CT,6320
BETHANY,CT,6524,WEST HARTFORD,CT,6107
BETHANY,CT,6524,WASHINGTON,DC,20261
BETHANY,CT,6524,WEST PALM BEACH,FL,33409
BETHANY,CT,6524,INDIANAPOLIS,IN,46206
BETHANY,CT,6524,BOSTON,MA,2205
BETHANY,CT,6524,CAMBRIDGE,MA,2142
BETHANY,CT,6524,CHICOPEE,MA,1022
BETHANY,CT,6524,MEDFORD,MA,2155
BETHANY,CT,6524,RANDOLPH,MA,2368
BETHANY,CT,6524,SHREWSBURY,MA,1545
BETHANY,CT,6524,SPRINGFIELD,MA,1101
BETHANY,CT,6524,WALTHMAN,MA,2454
BETHANY,CT,6524,WATERTOWN,MA,2472
BETHANY,CT,6524,WEST STOCKBRIDGE,MA,1266
BETHANY,CT,6524,WINCHESTER,MA,1890
BETHANY,CT,6524,WOBURN,MA,1813
BETHANY,CT,6524,GAITHERSBURG,MD,20899
BETHANY,CT,6524,HAMLET,NC,28345
BETHANY,CT,6524,DELANCO,NJ,8075
BETHANY,CT,6524,FAIRFIELD,NJ,7004
BETHANY,CT,6524,HACKENSACK,NJ,7601
BETHANY,CT,6524,JERSEY CITY,NJ,7307
BETHANY,CT,6524,NEWARK,NJ,7182
BETHANY,CT,6524,PATERSON,NJ,7509
BETHANY,CT,6524,PLAINFIELD,NJ,7063
BETHANY,CT,6524,RARITAN,NJ,8869
BETHANY,CT,6524,ROBBINSVILLE,NJ,8520
BETHANY,CT,6524,ROSELLE,NJ,7203
BETHANY,CT,6524,WALL,NJ,8720
BETHANY,CT,6524,WHITEHOUSE STATION,NJ,8889
BETHANY,CT,6524,ARMONK,NY,10504
BETHANY,CT,6524,ASTORIA,NY,11103
BETHANY,CT,6524,BEACON,NY,12508
BETHANY,CT,6524,BINGHAMTON,NY,13904
BETHANY,CT,6524,BOHEMIA,NY,11716
BETHANY,CT,6524,BRONX,NY,10475
BETHANY,CT,6524,BROOKLYN,NY,11201
BETHANY,CT,6524,COMMACK,NY,11725
BETHANY,CT,6524,EAST HAMPTON,NY,11937
BETHANY,CT,6524,EAST NORTHPORT,NY,11731
BETHANY,CT,6524,FARMINGDALE,NY,11735
BETHANY,CT,6524,FLUSHING,NY,11371
BETHANY,CT,6524,GILBOA,NY,12076
BETHANY,CT,6524,LIVERPOOL,NY,13090
BETHANY,CT,6524,LONG ISLAND CITY,NY,11109
BETHANY,CT,6524,MAHOPAC,NY,10541
BETHANY,CT,6524,MASPETH,NY,11378
BETHANY,CT,6524,MONROE,NY,10950
BETHANY,CT,6524,MONSEY,NY,10952
BETHANY,CT,6524,MONTAUK,NY,11954
BETHANY,CT,6524,NEW ROCHELLE,NY,10801
BETHANY,CT,6524,NEW YORK,NY,10277
BETHANY,CT,6524,OSSINING,NY,10562
BETHANY,CT,6524,PORT WASHINGTON,NY,11050
BETHANY,CT,6524,SAINT ALBANS,NY,11412
BETHANY,CT,6524,STATEN ISLAND,NY,10301
BETHANY,CT,6524,WAPPINGERS FALLS,NY,12590
BETHANY,CT,6524,WEST HAVERSTRAW,NY,10993
BETHANY,CT,6524,YONKERS,NY,10703
BETHANY,CT,6524,HANOVER,PA,17335
BETHANY,CT,6524,MECHANICSBURG,PA,17050
BETHANY,CT,6524,PITTSBURGH,PA,15231
BETHANY,CT,6524,ARLINGTON,VA,22242
BETHANY,CT,6524,WILLIAMSBURG,VA,23188
BETHANY,CT,6524,ST. ALBANS,VT,5478
BETHANY,CT,6524,DARTMOUTH,NS,B2V
BETHANY,CT,6524,HALIFAX,NS,B3H
BETHANY,CT,6524,TORONTO,ON,M4E
BETHANY,CT,6524,LAVAL,QC,H7A
CORONA,CA,92879,EL MIRAGE,AZ,85335
CORONA,CA,92879,GLENDALE,AZ,85305
CORONA,CA,92879,MESA,AZ,85201
CORONA,CA,92879,PARADISE VALLEY,AZ,85253
CORONA,CA,92879,PHOENIX,AZ,85073
CORONA,CA,92879,SCOTTSDALE,AZ,85262
CORONA,CA,92879,TEMPE,AZ,85281
CORONA,CA,92879,TOLLESON,AZ,85353
CORONA,CA,92879,TUCSON,AZ,85739
CORONA,CA,92879,ANAHEIM,CA,92850
CORONA,CA,92879,BAKERSFIELD,CA,93312
CORONA,CA,92879,CANOGA PARK,CA,91303
CORONA,CA,92879,CAPISTRANO BEACH,CA,92624
CORONA,CA,92879,CARSON,CA,90745
CORONA,CA,92879,CHATSWORTH,CA,91311
CORONA,CA,92879,COSTA MESA,CA,92626
CORONA,CA,92879,CUPERTINO,CA,95014
CORONA,CA,92879,DANA POINT,CA,92629
CORONA,CA,92879,DOWNEY,CA,90240
CORONA,CA,92879,DUBLIN,CA,94568
CORONA,CA,92879,El Cajon,CA,92019
CORONA,CA,92879,EMERYVILLE,CA,94608
CORONA,CA,92879,ENCINITAS,CA,92024
CORONA,CA,92879,FOUNTAIN VALLEY,CA,92708
CORONA,CA,92879,FRESNO,CA,93650
CORONA,CA,92879,FULLERTON,CA,92831
CORONA,CA,92879,GARDENA,CA,90248
CORONA,CA,92879,GLENDALE,CA,91206
CORONA,CA,92879,HIGHLAND,CA,92346
CORONA,CA,92879,HUNTINGTON BEACH,CA,92646
CORONA,CA,92879,LA QUINTA,CA,92253
CORONA,CA,92879,LA VERNE,CA,91750
CORONA,CA,92879,LAGUNA HILLS,CA,92653
CORONA,CA,92879,LOS ANGELES,CA,90086
CORONA,CA,92879,MISSION VIEJO,CA,92691
CORONA,CA,92879,MODESTO,CA,95353
CORONA,CA,92879,MURRIETA,CA,92563
CORONA,CA,92879,NORCO,CA,92860
CORONA,CA,92879,NORTH HIGHLANDS,CA,95660
CORONA,CA,92879,NORTH HOLLYWOOD,CA,91601
CORONA,CA,92879,ONTARIO,CA,91761
CORONA,CA,92879,PALM DESERT,CA,92260
CORONA,CA,92879,RANCHO CORDOVA,CA,95742
CORONA,CA,92879,RIPON,CA,95366
CORONA,CA,92879,SAN DIEGO,CA,92138
CORONA,CA,92879,SAN DIMAS,CA,91773
CORONA,CA,92879,SAN GABRIEL,CA,91775
CORONA,CA,92879,SAN LUIS OBISPO,CA,93408
CORONA,CA,92879,SAN MARCOS,CA,92079
CORONA,CA,92879,SANTA ANA,CA,92703
CORONA,CA,92879,SANTA BARBARA,CA,93109
CORONA,CA,92879,SANTA CLARITA,CA,91383
CORONA,CA,92879,SANTA MARIA,CA,93455
CORONA,CA,92879,SYLMAR,CA,91342
CORONA,CA,92879,TEMECULA,CA,92592
CORONA,CA,92879,THOUSAND OAKS,CA,91363
CORONA,CA,92879,UPLAND,CA,91784
CORONA,CA,92879,VAN NUYS,CA,91470
CORONA,CA,92879,VENTURA,CA,93001
CORONA,CA,92879,VISTA,CA,92083
CORONA,CA,92879,WEST COVINA,CA,91790
CORONA,CA,92879,WINDSOR,CA,95492
CORONA,CA,92879,WOODLAND HILLS,CA,91364
CORONA,CA,92879,LAS VEGAS,NV,89148
CORONA,CA,92879,SPARKS,NV,89431
CORONA,CA,92879,STATELINE,NV,89449
CORONA,CA,92879,LEBANON,OR,97355
CORONA,CA,92879,GRAND PRAIRIE,TX,75050
CORONA,CA,92879,HEBER CITY,UT,84032
CORONA,CA,92879,MURRAY,UT,84157
CORONA,CA,92879,OREM,UT,84058
CORONA,CA,92879,SALT LAKE CITY,UT,84133
CORONA,CA,92879,SOUTH JORDAN,UT,84009
CORONA,CA,92879,ST GEORGE,UT,84790
CORONA,CA,92879,WEST JORDAN,UT,84084
GRAND PRAIRIE,TX,75050,AUBURN,AL,36830
GRAND PRAIRIE,TX,75050,HUNTSVILLE,AL,35801
GRAND PRAIRIE,TX,75050,MESA,AZ,85201
GRAND PRAIRIE,TX,75050,AURORA,CO,80017
GRAND PRAIRIE,TX,75050,COLORADO SPRINGS,CO,80927
GRAND PRAIRIE,TX,75050,DENVER,CO,80201
GRAND PRAIRIE,TX,75050,GLENWOOD SPRINGS,CO,81601
GRAND PRAIRIE,TX,75050,GRAND JUNCTION,CO,81503
GRAND PRAIRIE,TX,75050,ATLANTA,GA,30366
GRAND PRAIRIE,TX,75050,BATON ROUGE,LA,70821
GRAND PRAIRIE,TX,75050,BOSSIER CITY,LA,71111
GRAND PRAIRIE,TX,75050,LAFAYETTE,LA,70502
GRAND PRAIRIE,TX,75050,LAKE CHARLES,LA,70602
GRAND PRAIRIE,TX,75050,NEW ORLEANS,LA,70163
GRAND PRAIRIE,TX,75050,YOUNGSVILLE,LA,70592
GRAND PRAIRIE,TX,75050,DETROIT,MI,48231
GRAND PRAIRIE,TX,75050,HERNANDO,MS,38632
GRAND PRAIRIE,TX,75050,ALBUQUERQUE,NM,87112
GRAND PRAIRIE,TX,75050,SANTA FE,NM,87505
GRAND PRAIRIE,TX,75050,COLUMBUS,OH,43216
GRAND PRAIRIE,TX,75050,OKLAHOMA CITY,OK,73125
GRAND PRAIRIE,TX,75050,COLLIERVILLE,TN,38017
GRAND PRAIRIE,TX,75050,MEMPHIS,TN,38113
GRAND PRAIRIE,TX,75050,NASHVILLE,TN,37202
GRAND PRAIRIE,TX,75050,ALEDO,TX,76008
GRAND PRAIRIE,TX,75050,AMARILLO,TX,79105
GRAND PRAIRIE,TX,75050,ANNA,TX,75409
GRAND PRAIRIE,TX,75050,AUSTIN,TX,78767
GRAND PRAIRIE,TX,75050,Bastrop,TX,78602
GRAND PRAIRIE,TX,75050,CARROLLTON,TX,75006
GRAND PRAIRIE,TX,75050,DALLAS,TX,75221
GRAND PRAIRIE,TX,75050,EDINBURG,TX,78542
GRAND PRAIRIE,TX,75050,FORT WORTH,TX,76137
GRAND PRAIRIE,TX,75050,FRISCO,TX,75033
GRAND PRAIRIE,TX,75050,HALTOM CITY,TX,76117
GRAND PRAIRIE,TX,75050,HOUSTON,TX,77052
GRAND PRAIRIE,TX,75050,KENNEDALE,TX,76060
GRAND PRAIRIE,TX,75050,LAREDO,TX,78043
GRAND PRAIRIE,TX,75050,LIBERTY HILL,TX,78642
GRAND PRAIRIE,TX,75050,MCKINNEY,TX,75070
GRAND PRAIRIE,TX,75050,MIDLAND,TX,79707
GRAND PRAIRIE,TX,75050,MISSOURI CITY,TX,77459
GRAND PRAIRIE,TX,75050,PLANO,TX,75023
GRAND PRAIRIE,TX,75050,RICHMOND,TX,77469
GRAND PRAIRIE,TX,75050,ROCKWALL,TX,75032
GRAND PRAIRIE,TX,75050,Round Rock,TX,78682
GRAND PRAIRIE,TX,75050,SAN ANTONIO,TX,78297
GRAND PRAIRIE,TX,75050,TYLER,TX,75798
GRAND PRAIRIE,TX,75050,WEBSTER,TX,77598
HAMLET,NC,28345,BIRMINGHAM,AL,35202
HAMLET,NC,28345,FOLEY,AL,36535
HAMLET,NC,28345,MONTGOMERY,AL,36112
HAMLET,NC,28345,TUSCALOOSA,AL,35401
HAMLET,NC,28345,SAINT PETERSBURG,FL,33702
HAMLET,NC,28345,TAMPA,FL,33601
HAMLET,NC,28345,WEST PALM BEACH,FL,33409
HAMLET,NC,28345,ALPHARETTA,GA,30009
HAMLET,NC,28345,ATLANTA,GA,30366
HAMLET,NC,28345,AUGUSTA,GA,30911
HAMLET,NC,28345,DOUGLASVILLE,GA,30134
HAMLET,NC,28345,FORT VALLEY,GA,31030
HAMLET,NC,28345,GREENSBORO,GA,30642
HAMLET,NC,28345,MARIETTA,GA,30063
HAMLET,NC,28345,NORCROSS,GA,30093
HAMLET,NC,28345,SAINT SIMONS,GA,31522
HAMLET,NC,28345,BALTIMORE,MD,21203
HAMLET,NC,28345,CHARLOTTE,NC,28201
HAMLET,NC,28345,FAYETTEVILLE,NC,28306
HAMLET,NC,28345,HOLLY SPRINGS,NC,27540
HAMLET,NC,28345,JACKSONVILLE,NC,28540
HAMLET,NC,28345,MORRISVILLE,NC,27560
HAMLET,NC,28345,RALEIGH,NC,27611
HAMLET,NC,28345,WILMINGTON,NC,28404
HAMLET,NC,28345,FAIRVIEW,PA,16415
HAMLET,NC,28345,COLUMBIA,SC,29202
HAMLET,NC,28345,LEXINGTON,SC,29072
HAMLET,NC,28345,N CHARLESTON,SC,29420
HAMLET,NC,28345,NORTH CHARLESTON,SC,29420
HAMLET,NC,28345,CROSSVILLE,TN,38572
HAMLET,NC,28345,KNOXVILLE,TN,37901
HAMLET,NC,28345,NASHVILLE,TN,37202
HAMLET,NC,28345,ALEXANDRIA,VA,22305
HAMLET,NC,28345,CHESAPEAKE,VA,23321
HAMLET,NC,28345,ROANOKE,VA,24022
HAMLET,NC,28345,SPRINGFIELD,VA,22158
HAMLET,NC,28345,SUFFOLK,VA,23434
INDIANAPOLIS,IN,46206,WEST PALM BEACH,FL,33409
INDIANAPOLIS,IN,46206,WEST DES MOINES,IA,50266
INDIANAPOLIS,IN,46206,BENSENVILLE,IL,60106
INDIANAPOLIS,IN,46206,CHICAGO,IL,60608
INDIANAPOLIS,IN,46206,EVANSVILLE,IN,47714
INDIANAPOLIS,IN,46206,LEXINGTON,KY,40513
INDIANAPOLIS,IN,46206,LOUISVILLE,KY,40232
INDIANAPOLIS,IN,46206,DETROIT,MI,48231
INDIANAPOLIS,IN,46206,MIDLAND,MI,48642
INDIANAPOLIS,IN,46206,SAINT IGNACE,MI,49781
INDIANAPOLIS,IN,46206,SHELBY TOWNSHIP,MI,48315
INDIANAPOLIS,IN,46206,STERLING HEIGHTS,MI,48312
INDIANAPOLIS,IN,46206,MINNETONKA,MN,55345
INDIANAPOLIS,IN,46206,OMAHA,NE,68114
INDIANAPOLIS,IN,46206,NEWARK,NJ,7182
INDIANAPOLIS,IN,46206,FAIRVIEW,PA,16415
INDIANAPOLIS,IN,46206,PITTSBURGH,PA,15231
INDIANAPOLIS,IN,46206,WILKINSBURG,PA,15221
INDIANAPOLIS,IN,46206,RAPID CITY,SD,57703
INDIANAPOLIS,IN,46206,MURFREESBORO,TN,37129
INDIANAPOLIS,IN,46206,NASHVILLE,TN,37202
LEBANON,OR,97355,AUBURN,CA,95602
LEBANON,OR,97355,CONCORD,CA,94518
LEBANON,OR,97355,FRESNO,CA,93650
LEBANON,OR,97355,GILROY,CA,95020
LEBANON,OR,97355,HAYWARD,CA,94540
LEBANON,OR,97355,MODESTO,CA,95353
LEBANON,OR,97355,MOSS LANDING,CA,95039
LEBANON,OR,97355,NAPA,CA,94558
LEBANON,OR,97355,NOVATO,CA,94998
LEBANON,OR,97355,REDWOOD CITY,CA,94061
LEBANON,OR,97355,ROHNERT PARK,CA,94928
LEBANON,OR,97355,SACRAMENTO,CA,95813
LEBANON,OR,97355,SALINAS,CA,93909
LEBANON,OR,97355,SAN FRANCISCO,CA,94142
LEBANON,OR,97355,SAN JOSE,CA,95196
LEBANON,OR,97355,SAN LEANDRO,CA,94577
LEBANON,OR,97355,SAN RAFAEL,CA,94901
LEBANON,OR,97355,SANTA ROSA,CA,95409
LEBANON,OR,97355,SOUTH SAN FRANCISCO,CA,94080
LEBANON,OR,97355,STOCKTON,CA,95201
LEBANON,OR,97355,SUNNYVALE,CA,94086
LEBANON,OR,97355,WHEATLAND,CA,95692
LEBANON,OR,97355,BOISE,ID,83757
LEBANON,OR,97355,BILLINGS,MT,59102
LEBANON,OR,97355,BOZEMAN,MT,59773
LEBANON,OR,97355,GREAT FALLS,MT,59404
LEBANON,OR,97355,KALISPELL,MT,59901
LEBANON,OR,97355,MINDEN,NV,89423
LEBANON,OR,97355,RENO,NV,89599
LEBANON,OR,97355,SPARKS,NV,89431
LEBANON,OR,97355,PORTLAND,OR,97208
LEBANON,OR,97355,AUBURN,WA,98092
LEBANON,OR,97355,BELLEVUE,WA,98004
LEBANON,OR,97355,KENT,WA,98042
LEBANON,OR,97355,REDMOND,WA,98052
LEBANON,OR,97355,SEATTLE,WA,98112
LEBANON,OR,97355,SPOKANE,WA,99210
LEBANON,OR,97355,EDMONTON,AB,T6V
LEBANON,OR,97355,GRANDE PRAIRIE,AB,T8V
LEBANON,OR,97355,BURNABY,BC,V3J
LEBANON,OR,97355,LILLIOET,BC,V0K
POTTSTOWN,PA,19465,FORT MYERS,FL,33900
POTTSTOWN,PA,19465,GAINESVILLE,FL,32610
POTTSTOWN,PA,19465,PALM CITY,FL,34990
POTTSTOWN,PA,19465,TAMPA,FL,33601
POTTSTOWN,PA,19465,BLADENSBURG,MD,20710
POTTSTOWN,PA,19465,GAITHERSBURG,MD,20899
POTTSTOWN,PA,19465,NEWARK,NJ,7182
POTTSTOWN,PA,19465,WALL,NJ,8720
POTTSTOWN,PA,19465,BRONX,NY,10475
POTTSTOWN,PA,19465,PHILADELPHIA,PA,19128
POTTSTOWN,PA,19465,NEWINGTON,VA,22122
POTTSTOWN,PA,19465,WILLIAMSBURG,VA,23188
WEST PALM BEACH,FL,33409,FOLEY,AL,36535
WEST PALM BEACH,FL,33409,NEW HAVEN,CT,6538
WEST PALM BEACH,FL,33409,AVENTURA,FL,33009
WEST PALM BEACH,FL,33409,BOCA GRANDE,FL,33921
WEST PALM BEACH,FL,33409,BOYNTON BEACH,FL,33426
WEST PALM BEACH,FL,33409,BRADENTON,FL,34209
WEST PALM BEACH,FL,33409,CASSELBERRY,FL,32730
WEST PALM BEACH,FL,33409,CLEARWATER BEACH,FL,33767
WEST PALM BEACH,FL,33409,CORAL GABLES,FL,33124
WEST PALM BEACH,FL,33409,CRAWFORDVILLE,FL,32327
WEST PALM BEACH,FL,33409,CUTLER BAY,FL,33157
WEST PALM BEACH,FL,33409,DAVIE,FL,33345
WEST PALM BEACH,FL,33409,DEERFIELD BEACH,FL,33441
WEST PALM BEACH,FL,33409,DELAND,FL,32724
WEST PALM BEACH,FL,33409,DORAL,FL,33122
WEST PALM BEACH,FL,33409,FORT LAUDERDALE,FL,33319
WEST PALM BEACH,FL,33409,FORT MYERS,FL,33900
WEST PALM BEACH,FL,33409,FORT PIERCE,FL,34951
WEST PALM BEACH,FL,33409,GAINESVILLE,FL,32610
WEST PALM BEACH,FL,33409,Hallandale Beach,FL,33008
WEST PALM BEACH,FL,33409,HIALEAH,FL,33018
WEST PALM BEACH,FL,33409,HOLLYWOOD,FL,33020
WEST PALM BEACH,FL,33409,JACKSONVILLE,FL,32203
WEST PALM BEACH,FL,33409,KEY LARGO,FL,33037
WEST PALM BEACH,FL,33409,LAKELAND,FL,33802
WEST PALM BEACH,FL,33409,LARGO,FL,33770
WEST PALM BEACH,FL,33409,LONGBOAT KEY,FL,34228
WEST PALM BEACH,FL,33409,LONGWOOD,FL,32779
WEST PALM BEACH,FL,33409,MARGATE,FL,33093
WEST PALM BEACH,FL,33409,MEDLEY,FL,33166
WEST PALM BEACH,FL,33409,MIAMI,FL,33101
WEST PALM BEACH,FL,33409,MIAMI BEACH,FL,33109
WEST PALM BEACH,FL,33409,MIDDLEBURG,FL,32068
WEST PALM BEACH,FL,33409,NAPLES,FL,34103
WEST PALM BEACH,FL,33409,OCALA,FL,34470
WEST PALM BEACH,FL,33409,OCOEE,FL,34761
WEST PALM BEACH,FL,33409,ORLANDO,FL,32814
WEST PALM BEACH,FL,33409,PALM CITY,FL,34990
WEST PALM BEACH,FL,33409,PALMETTO BAY,FL,33257
WEST PALM BEACH,FL,33409,PENSACOLA,FL,32511
WEST PALM BEACH,FL,33409,PLANT CITY,FL,33565
WEST PALM BEACH,FL,33409,POMPANO BEACH,FL,33063
WEST PALM BEACH,FL,33409,PORT SAINT LUCIE,FL,34952
WEST PALM BEACH,FL,33409,PORT ST LUCIE,FL,34952
WEST PALM BEACH,FL,33409,PORT ST. LUCIE,FL,34952
WEST PALM BEACH,FL,33409,RIVERVIEW,FL,33569
WEST PALM BEACH,FL,33409,RIVIERA BEACH,FL,33419
WEST PALM BEACH,FL,33409,SAINT PETERSBURG,FL,33702
WEST PALM BEACH,FL,33409,SARASOTA,FL,34241
WEST PALM BEACH,FL,33409,SUNRISE,FL,33346
WEST PALM BEACH,FL,33409,TALLAHASSEE,FL,32399
WEST PALM BEACH,FL,33409,TAMARAC,FL,33320
WEST PALM BEACH,FL,33409,TAMPA,FL,33601
WEST PALM BEACH,FL,33409,WESLEY CHAPEL,FL,33545
WEST PALM BEACH,FL,33409,WEST PALM BEACH,FL,33409
WEST PALM BEACH,FL,33409,DOUGLASVILLE,GA,30134
WEST PALM BEACH,FL,33409,CHICAGO,IL,60608
WEST PALM BEACH,FL,33409,NEWARK,NJ,7182
WEST PALM BEACH,FL,33409,BROOKLYN,NY,11201
WEST PALM BEACH,FL,33409,NEW YORK,NY,10277
WEST PALM BEACH,FL,33409,ST HELENS,OR,97051
ONTARIO,CA,91761,CORONA,CA,92883
SOUTHARD,OK,73770,CORONA,CA,92883
ONTARIO,CA,91761,CORONA,CA,92883
DAYTON,NJ,8810,BETHANY,CT,6524
PAULSBORO,NJ,8066,BETHANY,CT,6524
CHESAPEAKE,VA,23324,BETHANY,CT,6524
YORK,PA,17404,BETHANY,CT,6524
CANAAN,CT,6018,BETHANY,CT,6524
ELVERSON,PA,19520,BETHANY,CT,6524
PHILADELPHIA,PA,19135,BETHANY,CT,6524
MENTOR,OH,44060,BETHANY,CT,6524
EASTON,PA,18040,BETHANY,CT,6524
HODGKINS,IL,60525,BETHANY,CT,6524
HAMILTON,OH,45015,BETHANY,CT,6524
NORTH TONAWANDA,NY,14120,BETHANY,CT,6524
AMARGOSA VALLEY,NV,89020,BETHANY,CT,6524
LEOMINSTER,MA,1453,BETHANY,CT,6524
SAINT LOUIS,MO,63122,BETHANY,CT,6524
ANJOU,QC,H1J2Y,BETHANY,CT,6524
BESSIE,OK,73622,BETHANY,CT,6524
LEOMINSTER,MA,1453,BETHANY,CT,6524
ROCHESTER,NH,3867,BETHANY,CT,6524
CHESAPEAKE,VA,23324,BETHANY,CT,6524
BESSIE,OK,73622,BETHANY,CT,6524
LOS ANGELES,CA,90058,BETHANY,CT,6524
CHESAPEAKE,VA,23324,BETHANY,CT,6524
FORT MILL,SC,29708,BETHANY,CT,6524
DETROIT,MI,48214,BETHANY,CT,6524
ANGOLA,IN,46703,BETHANY,CT,6524
CATSKILL,NY,12414,BETHANY,CT,6524
HAMILTON,NJ,8619,BETHANY,CT,6524
DALTON,GA,30721,BETHANY,CT,6524
OTTAWA,ON,K1G5H,BETHANY,CT,6524
CHESAPEAKE,VA,23324,WEST PALM BEACH,FL,33407
BAYVILLE,NJ,8721,WEST PALM BEACH,FL,33407
CHESAPEAKE,VA,23324,WEST PALM BEACH,FL,33407
BESSIE,OK,73622,WEST PALM BEACH,FL,33407
LEOMINSTER,MA,1453,WEST PALM BEACH,FL,33407
CHESAPEAKE,VA,23324,INDIANAPOLIS,IN,46268
MENTOR,OH,44060,INDIANAPOLIS,IN,46268
LIBERTYVILLE,IL,60048,INDIANAPOLIS,IN,46268
PLYMOUTH,WI,53073,INDIANAPOLIS,IN,46268
CHESAPEAKE,VA,23324,INDIANAPOLIS,IN,46268
DALLAS,TX,75237,INDIANAPOLIS,IN,46268
NORTH TONAWANDA,NY,14120,INDIANAPOLIS,IN,46268
HODGKINS,IL,60525,INDIANAPOLIS,IN,46268
SOUTHARD,OK,73770,INDIANAPOLIS,IN,46268
CHESAPEAKE,VA,23324,HAMLET,NC,28345
HODGKINS,IL,60525,HAMLET,NC,28345
CHESAPEAKE,VA,23324,HAMLET,NC,28345
LEOMINSTER,MA,1453,HAMLET,NC,28345
FORT MILL,SC,29708,HAMLET,NC,28345
CHESAPEAKE,VA,23324,LEBANON,OR,97355
SOUTHARD,OK,73770,LEBANON,OR,97355
HODGKINS,IL,60525,LEBANON,OR,97355
WOODLAND,WA,98674,LEBANON,OR,97355
ONTARIO,CA,91761,LEBANON,OR,97355
BESSIE,OK,73622,LEBANON,OR,97355
BETHANY,CT,6524,LEBANON,OR,97355
BAYVILLE,NJ,8721,NASHVILLE,TN,37210
CHESAPEAKE,VA,23324,GRAND PRAIRIE,TX,75050
PAULSBORO,NJ,8066,GRAND PRAIRIE,TX,75050
SOUTHARD,OK,73770,GRAND PRAIRIE,TX,75050
ANGOLA,IN,46703,GRAND PRAIRIE,TX,75050
CHESAPEAKE,VA,23324,GRAND PRAIRIE,TX,75050
HODGKINS,IL,60525,GRAND PRAIRIE,TX,75050
BESSIE,OK,73622,GRAND PRAIRIE,TX,75050
HAMILTON,OH,45015,GRAND PRAIRIE,TX,75050
SHEBOYGAN,WI,53081,GRAND PRAIRIE,TX,75050
BESSIE,OK,73622,GRAND PRAIRIE,TX,75050
AMARGOSA VALLEY,NV,89020,GRAND PRAIRIE,TX,75050
LEOMINSTER,MA,1453,GRAND PRAIRIE,TX,75050
EL CAJON,CA,92020,GRAND PRAIRIE,TX,75050
SERENA,IL,60549,GRAND PRAIRIE,TX,75050
LEOMINSTER,MA,1453,GRAND PRAIRIE,TX,75050
NASHVILLE,TN,37203,GRAND PRAIRIE,TX,75050
TERREBONNE,QC,J6Y0A,GRAND PRAIRIE,TX,75050
SERENA,IL,60549,GRAND PRAIRIE,TX,75050
CHESAPEAKE,VA,23324,GRAND PRAIRIE,TX,75050
